Broker ID,Firm name,Customer Income,Customer Insurance Premium,Number of Calls,Call Duration,Misconducts,Firm Ranking,Customer ID,YearsExperience,NumClients,AvgInvestment,Complaints,Misconducts
AF8378AF,Prudential Investment Management Services,64397,3872,4,1,0,203,KP664046KP,10.993428306022466,26,37680.41874253978,2,0
BG2124BG,Ameritas Investment,181800,4072,18,5,1,110,LQ416456LQ,9.723471397657631,64,51452.26777129347,1,0
CH1697CH,Princor Financial Services Corporation,169180,2854,37,20,0,315,MR430814MR,11.295377076201385,98,52359.99756677331,4,1
BG3179BG,Ameritas Investment,116234,1566,25,8,1,110,LQ182279LQ,13.046059712816051,59,52326.76357913794,1,0
BG6251BG,Ameritas Investment,89954,3418,48,43,0,110,LQ115434LQ,9.531693250553328,56,45198.77410203707,4,1
DI2929DI,Farmers Financial Solutions,129459,1935,1,12,0,406,NS819407NS,9.531726086101639,59,72984.68861734834,5,1
CH2013CH,Princor Financial Services Corporation,197851,2934,46,1,1,315,MR540991MR,13.158425631014783,70,37319.784883569315,1,0
CH1226CH,Princor Financial Services Corporation,109163,3708,15,57,1,315,MR437913MR,11.534869458305817,33,36708.54172838484,2,0
CH8321CH,Princor Financial Services Corporation,101934,4502,9,54,0,315,MR870042MR,9.061051228130095,53,66549.78375736585,2,0
BG2828BG,Ameritas Investment,104098,4016,15,20,1,110,LQ428821LQ,11.08512008717193,22,42957.208694101064,4,1
AF8909AF,Prudential Investment Management Services,55486,2332,49,28,1,203,KP183555KP,9.073164614375075,21,40553.0931246357,5,1
CH6588CH,Princor Financial Services Corporation,189407,4208,24,57,1,315,MR752667MR,9.068540492859487,70,73029.11897723112,5,1
BG3023BG,Ameritas Investment,136900,1201,4,43,0,110,LQ841280LQ,10.48392454313207,70,59857.22716823564,3,0
DI5966DI,Farmers Financial Solutions,176020,4507,12,37,0,406,NS863799NS,6.173439510684404,4,44055.35451861778,1,0
AF6891AF,Prudential Investment Management Services,152795,3360,37,47,1,203,KP276806KP,6.5501643349739345,94,52175.07905693561,5,1
DI2080DI,Farmers Financial Solutions,192202,1116,37,37,1,406,NS988097NS,8.875424941518055,75,69458.71284827683,4,1
AF6036AF,Prudential Investment Management Services,137508,4737,43,12,1,203,KP581719KP,7.974337759331153,62,56916.20680950867,4,1
BG3563BG,Ameritas Investment,168324,1936,6,37,0,110,LQ533819LQ,10.628494665190548,62,62861.48455106442,2,0
EJ4292EJ,Wells Fargo Advisors Financial Network,110566,4874,39,49,0,1,OT569924OT,8.183951848957578,94,58048.031787338055,4,1
AF4586AF,Prudential Investment Management Services,77192,1574,46,49,1,203,KP168803KP,7.175392597329417,95,59302.53345953541,2,0
DI5431DI,Farmers Financial Solutions,51062,3291,24,56,1,406,NS532548NS,12.931297537843108,24,50397.416959104274,0,0
BG7841BG,Ameritas Investment,134076,1536,11,44,1,110,LQ978135LQ,9.548447399026928,55,50113.484789762195,3,0
AF7643AF,Prudential Investment Management Services,139780,2625,13,56,1,203,KP907744KP,10.135056409375848,9,52670.50385348454,1,0
EJ4959EJ,Wells Fargo Advisors Financial Network,71689,3122,34,28,1,1,OT848736OT,7.150503627573086,3,57344.528074503,4,1
EJ1161EJ,Wells Fargo Advisors Financial Network,61174,4877,25,47,1,1,OT577742OT,8.911234550949635,31,47166.84684167387,1,0
CH1593CH,Princor Financial Services Corporation,138461,1385,7,15,0,315,MR799539MR,10.221845179419732,40,51220.53934503005,2,0
CH4390CH,Princor Financial Services Corporation,176174,4974,4,6,1,315,MR826802MR,7.698012845155395,36,46896.54384044014,4,1
DI6997DI,Farmers Financial Solutions,153033,4281,8,44,0,406,NS345404NS,10.751396036691343,24,51156.84821994529,1,0
AF7354AF,Prudential Investment Management Services,59348,1474,20,59,1,203,KP742249KP,8.79872262016239,95,37490.03669018153,6,1
AF1663AF,Prudential Investment Management Services,88102,1417,29,20,1,203,KP402523KP,9.416612500413446,6,76059.77466959518,2,0
CH1541CH,Princor Financial Services Corporation,124460,3394,45,50,0,315,MR117297MR,8.796586775541206,66,42670.59881221124,3,0
AF6433AF,Prudential Investment Management Services,152634,4600,46,14,0,203,KP888443KP,13.704556369017876,84,46385.392752405685,4,1
AF6093AF,Prudential Investment Management Services,139930,3687,10,2,0,203,KP609346KP,9.973005550524132,92,41807.356064451975,4,1
EJ1867EJ,Wells Fargo Advisors Financial Network,56801,1938,43,9,0,1,OT220234OT,7.884578142088199,75,56157.087491645405,1,0
CH9623CH,Princor Financial Services Corporation,153150,1954,34,37,1,315,MR668302MR,11.645089824206378,4,48039.97368757669,3,0
BG6469BG,Ameritas Investment,51542,1875,26,20,0,110,LQ867454LQ,7.5583127000579555,79,40361.92489902782,1,0
CH7256CH,Princor Financial Services Corporation,71677,1762,41,26,1,315,MR980765MR,10.417727190009511,6,56568.83366224343,2,0
BG2169BG,Ameritas Investment,89081,2202,49,29,0,110,LQ278570LQ,6.080659752240448,94,57916.49147922791,6,1
EJ1830EJ,Wells Fargo Advisors Financial Network,143105,2205,3,1,1,1,OT883152OT,7.3436279022031385,51,49331.23675522733,4,1
DI2651DI,Farmers Financial Solutions,69065,1663,6,55,1,406,NS897552NS,10.393722471738247,62,43363.74048617923,4,1
AF2136AF,Prudential Investment Management Services,138092,1024,5,35,1,203,KP609733KP,11.476933159990821,57,71910.66005559717,3,0
EJ3810EJ,Wells Fargo Advisors Financial Network,104693,2990,5,6,1,1,OT384996OT,10.34273656237994,66,53400.67630525231,3,0
AF9667AF,Prudential Investment Management Services,76962,2203,47,37,1,203,KP441383KP,9.76870343522352,79,37259.310150466765,2,0
DI2019DI,Farmers Financial Solutions,78295,1709,23,53,1,406,NS494145NS,9.397792608821423,75,64140.40461002768,0,0
DI6237DI,Farmers Financial Solutions,63807,4572,49,59,0,406,NS832847NS,7.042956019265145,8,41442.25250587429,3,0
EJ2283EJ,Wells Fargo Advisors Financial Network,182396,2879,9,5,1,1,OT611603OT,8.560311583210582,26,77418.78340269916,0,0
DI1659DI,Farmers Financial Solutions,141267,2184,35,33,0,406,NS715863NS,9.078722458080424,51,50796.57857527587,7,1
BG3010BG,Ameritas Investment,69870,3224,20,49,0,110,LQ607365LQ,12.11424445243783,45,60133.160360553535,3,0
DI9590DI,Farmers Financial Solutions,76790,1284,49,51,1,406,NS719328NS,10.687236579136922,44,29199.824391530987,1,0
AF2733AF,Prudential Investment Management Services,168874,1062,42,14,0,203,KP248510KP,6.473919689274532,5,37158.59115910037,6,1
AF3125AF,Prudential Investment Management Services,75289,2002,35,12,1,203,KP279587KP,10.648167938789591,70,63338.59619760715,2,0
AF3171AF,Prudential Investment Management Services,65485,1661,18,42,0,203,KP630032KP,9.229835439167367,26,53178.15065629137,4,1
AF9266AF,Prudential Investment Management Services,94482,3713,17,20,1,203,KP839180KP,8.646155999388082,68,70423.96422714074,2,0
BG4471BG,Ameritas Investment,136188,3203,24,53,0,110,LQ535633LQ,11.223352577681736,19,54851.75105229589,3,0
CH6624CH,Princor Financial Services Corporation,54748,4953,3,50,1,315,MR928791MR,12.061999044991902,84,51452.962397410396,0,0
EJ9691EJ,Wells Fargo Advisors Financial Network,190507,2492,32,24,1,1,OT775159OT,11.862560238232398,97,67135.73990822205,2,0
AF9329AF,Prudential Investment Management Services,53709,4120,35,59,1,203,KP460890KP,8.321564953554724,20,60101.36999225445,3,0
DI3097DI,Farmers Financial Solutions,173961,1966,38,43,1,406,NS849122NS,9.38157524829757,12,48037.3880072371,4,1
AF6068AF,Prudential Investment Management Services,80355,1848,13,34,0,203,KP745194KP,10.662526862807129,47,39058.95899501553,4,1
DI7397DI,Farmers Financial Solutions,194188,2107,47,25,1,406,NS301260NS,11.951090254244718,1,26283.84335234506,5,1
DI3757DI,Farmers Financial Solutions,92918,4432,25,50,0,406,NS845219NS,9.04165152430942,90,45623.34330197295,1,0
AF4920AF,Prudential Investment Management Services,102224,1688,9,29,0,203,KP877881KP,9.628682046672365,14,38136.64904778628,3,0
BG9186BG,Ameritas Investment,89298,1147,4,57,0,110,LQ863034LQ,7.787330051987944,64,75977.04643234384,3,0
DI2900DI,Farmers Financial Solutions,130219,4701,14,39,1,406,NS631885NS,7.607586751838658,38,43496.290559299734,3,0
DI3610DI,Farmers Financial Solutions,111629,1341,37,31,0,406,NS933525NS,11.625051644788396,37,43222.90994374955,4,1
AF7900AF,Prudential Investment Management Services,116040,3523,34,56,0,203,KP530442KP,12.712480057141645,11,34787.55125411355,1,0
DI2449DI,Farmers Financial Solutions,78016,2086,11,47,0,406,NS303199NS,9.855979756839332,77,47336.826714772964,3,0
DI9738DI,Farmers Financial Solutions,73960,2724,41,43,1,406,NS476794NS,12.007065795784047,3,43354.65070357788,5,1
AF6017AF,Prudential Investment Management Services,83591,2383,3,50,1,203,KP584585KP,10.723272050095268,33,67377.29428744459,6,1
AF8999AF,Prudential Investment Management Services,153333,3608,28,23,0,203,KP832722KP,8.709760490789751,6,51684.761594149844,6,1
EJ7052EJ,Wells Fargo Advisors Financial Network,164821,1326,29,44,1,1,OT781777OT,10.722791211016828,50,49911.35977343623,7,1
BG3096BG,Ameritas Investment,86395,2792,9,38,1,110,LQ572890LQ,13.076073132931938,10,48653.27245917402,3,0
BG9895BG,Ameritas Investment,179695,2759,3,20,0,110,LQ483100LQ,9.928347921780096,5,57861.749201892024,2,0
DI7404DI,Farmers Financial Solutions,84620,4212,25,23,0,406,NS215598NS,13.129287311628012,23,45476.718343655,1,0
BG4331BG,Ameritas Investment,178148,1989,34,45,1,110,LQ350100LQ,4.760509791820511,10,56672.06093531838,1,0
DI8462DI,Farmers Financial Solutions,70559,3262,12,52,0,406,NS882877NS,11.643805008750448,44,66139.69820727444,5,1
EJ6105EJ,Wells Fargo Advisors Financial Network,143396,3482,42,16,1,1,OT808521OT,10.174094136476343,2,54600.75010299647,2,0
AF3978AF,Prudential Investment Management Services,71732,4962,9,50,1,203,KP876676KP,9.401985299068265,13,47502.68717174865,3,0
AF3839AF,Prudential Investment Management Services,141362,1951,15,42,1,203,KP233241KP,10.183521553071005,40,40465.40829028099,2,0
AF4384AF,Prudential Investment Management Services,63843,1722,40,55,1,203,KP839452KP,6.024862170798214,2,47248.76013652926,5,1
BG1685BG,Ameritas Investment,164065,4389,25,8,1,110,LQ253124LQ,9.560656224324976,84,55630.78873972571,1,0
EJ8531EJ,Wells Fargo Advisors Financial Network,121726,3079,5,50,1,1,OT565065OT,10.714225143023492,65,34674.726580826784,3,0
BG5283BG,Ameritas Investment,67640,3717,11,21,0,110,LQ304923LQ,12.955788089483033,63,58315.42757709282,4,1
BG8736BG,Ameritas Investment,102528,3332,34,1,0,110,LQ108036LQ,8.963459563452705,73,52076.126882280645,3,0
EJ8710EJ,Wells Fargo Advisors Financial Network,88413,4376,24,55,1,1,OT656066OT,8.383012794213625,17,48508.108402412814,7,1
EJ2619EJ,Wells Fargo Advisors Financial Network,102638,1428,15,8,1,1,OT254245OT,8.996485912830927,9,43405.86588548998,6,1
EJ7868EJ,Wells Fargo Advisors Financial Network,160133,2500,38,29,1,1,OT785763OT,11.830804235404148,75,45236.22299030633,3,0
EJ2431EJ,Wells Fargo Advisors Financial Network,156357,1285,8,32,0,1,OT302747OT,10.657502219319369,15,55973.060414653075,5,1
AF5713AF,Prudential Investment Management Services,188186,4215,5,38,1,203,KP643088KP,8.940479592465923,24,48717.884739048895,3,0
CH5998CH,Princor Financial Services Corporation,128859,4495,48,5,0,315,MR387516MR,11.026534866226712,38,44988.6003272143,1,0
CH1162CH,Princor Financial Services Corporation,149657,4090,26,47,1,315,MR423660MR,10.194155098696081,35,54685.63493371523,2,0
EJ2974EJ,Wells Fargo Advisors Financial Network,192047,3065,18,22,1,1,OT906970OT,11.937289981065778,94,55081.8977749213,1,0
CH4291CH,Princor Financial Services Corporation,61023,1768,6,47,0,315,MR950350MR,8.595893812245295,95,37508.24938675952,1,0
CH9461CH,Princor Financial Services Corporation,71447,3637,37,34,0,315,MR433299MR,9.344675706804464,49,55714.80696576985,0,0
EJ1631EJ,Wells Fargo Advisors Financial Network,175899,2394,48,1,1,1,OT855600OT,9.215783693735684,69,75016.98212860443,4,1
CH1905CH,Princor Financial Services Corporation,73959,4246,13,55,1,315,MR159500MR,7.072970103735763,62,54696.20789375504,3,0
BG3014BG,Ameritas Investment,116203,4057,28,55,1,110,LQ267647LQ,10.592240554129152,60,33009.927951563324,1,0
DI8896DI,Farmers Financial Solutions,169156,1193,5,26,0,406,NS336527NS,10.522110544359778,50,51773.75391839546,3,0
DI1204DI,Farmers Financial Solutions,59337,3549,13,43,0,406,NS535477NS,10.010226913284923,78,31691.846258063153,2,0
EJ1581EJ,Wells Fargo Advisors Financial Network,96427,1987,17,10,0,1,OT734947OT,9.530825733249706,75,81673.71672064159,3,0
AF6675AF,Prudential Investment Management Services,111529,2136,40,30,0,203,KP652004KP,7.1692585158991715,9,72356.74686984473,6,1
EJ6347EJ,Wells Fargo Advisors Financial Network,152023,3161,45,50,0,1,OT496452OT,9.158709354469282,34,43340.61517204604,2,0
AF3643AF,Prudential Investment Management Services,134665,4293,32,18,0,203,KP509064KP,9.31457096694646,76,27543.32801006164,4,1
DI9017DI,Farmers Financial Solutions,155787,2701,29,17,1,406,NS102352NS,8.395445461556761,99,41216.288129072156,2,0
EJ3297EJ,Wells Fargo Advisors Financial Network,83307,1946,3,26,1,1,OT233004OT,9.677428576667982,35,48190.09261060276,4,1
BG1874BG,Ameritas Investment,177016,1830,40,8,0,110,LQ962881LQ,10.808101713629076,1,32381.362579602614,4,1
CH6560CH,Princor Financial Services Corporation,54835,4715,34,47,1,315,MR632844MR,13.77237180242106,40,49309.77485003772,3,0
AF1689AF,Prudential Investment Management Services,70159,2920,40,40,1,203,KP886261KP,10.349155625663679,64,48124.213357297485,1,0
CH5000CH,Princor Financial Services Corporation,171790,4335,27,49,0,315,MR448980MR,10.515100781445529,22,51251.546970628886,5,1
CH1671CH,Princor Financial Services Corporation,155616,3972,13,12,1,315,MR760858MR,9.851108168467665,60,52296.4517693798,4,1
EJ8927EJ,Wells Fargo Advisors Financial Network,128752,1054,45,27,0,1,OT831478OT,6.1624575694019175,64,40343.82400122848,4,1
CH2171CH,Princor Financial Services Corporation,105284,4942,33,8,0,315,MR150098MR,9.946972249101567,93,41465.85960250346,2,0
BG6591BG,Ameritas Investment,107043,4714,6,25,1,110,LQ474313LQ,10.120460419882052,72,50455.9216447005,5,1
CH7342CH,Princor Financial Services Corporation,147007,1799,24,46,0,315,MR764929MR,14.926484224970572,11,43690.07870126053,1,0
EJ2449EJ,Wells Fargo Advisors Financial Network,132844,1777,19,4,0,1,OT347199OT,9.615278070437755,14,59074.947684172555,3,0
BG3539BG,Ameritas Investment,77532,2481,16,33,0,110,LQ226060LQ,10.603094684667225,60,50358.945497677,2,0
DI4959DI,Farmers Financial Solutions,172402,2901,40,1,0,406,NS287954NS,9.930576460589513,30,68650.03233997474,2,0
CH7285CH,Princor Financial Services Corporation,168012,3209,28,19,0,315,MR825753MR,7.6626439247609355,35,58204.82438271226,1,0
EJ6432EJ,Wells Fargo Advisors Financial Network,186785,4451,33,31,0,1,OT230544OT,12.285645629030041,85,61037.13869390598,3,0
DI5260DI,Farmers Financial Solutions,106178,3134,48,16,0,406,NS624628NS,11.503866065373549,37,51325.66067964786,3,0
DI3361DI,Farmers Financial Solutions,99407,1054,41,14,0,406,NS799309NS,11.582063894086094,5,51573.61501290296,3,0
AF7164AF,Prudential Investment Management Services,100990,4547,13,53,1,203,KP706590KP,8.181225090410521,83,67313.20579909177,3,0
BG4670BG,Ameritas Investment,179473,2823,43,48,1,110,LQ847028LQ,12.805588621872198,78,46217.071164629706,0,0
CH2753CH,Princor Financial Services Corporation,108141,2201,45,5,1,315,MR567243MR,7.196297874415438,26,55467.7935416524,6,1
EJ9100EJ,Wells Fargo Advisors Financial Network,106570,4462,25,41,0,1,OT624426OT,11.17371418760054,62,47337.62467838542,2,0
AF2938AF,Prudential Investment Management Services,51015,4420,42,26,0,203,KP493574KP,14.380911251619956,4,47313.63941612697,3,0
BG9562BG,Ameritas Investment,111813,4079,36,28,1,110,LQ743907LQ,8.018927349738624,89,38311.0373425828,4,1
AF6976AF,Prudential Investment Management Services,77712,1832,27,2,1,203,KP568466KP,8.867404540794457,42,42574.85649143059,2,0
BG7588BG,Ameritas Investment,150497,1312,38,50,1,110,LQ971808LQ,10.199302730175283,89,40717.305485835495,4,1
BG9616BG,Ameritas Investment,189487,3806,7,6,0,110,LQ724219LQ,8.993048691767601,18,55943.6880892317,2,0
CH7304CH,Princor Financial Services Corporation,162816,2858,5,9,1,315,MR256951MR,6.898673137867735,40,60402.05928223662,5,1
BG8345BG,Ameritas Investment,178778,3007,43,33,1,110,LQ967964LQ,10.137125949612054,72,49052.466264215975,4,1
AF8875AF,Prudential Investment Management Services,112292,3006,45,41,0,203,KP942210KP,7.87539257254779,39,52296.27930163653,2,0
BG7633BG,Ameritas Investment,73833,3490,31,25,1,110,LQ662060LQ,10.947184861270363,14,48475.28644894904,4,1
CH1597CH,Princor Financial Services Corporation,185230,2790,23,48,0,315,MR158478MR,8.161151531532393,32,41892.24080107015,5,1
CH4062CH,Princor Financial Services Corporation,70309,1327,42,13,0,315,MR557569MR,13.09986881003508,51,58622.63024796879,2,0
AF3336AF,Prudential Investment Management Services,56970,4125,10,9,0,203,KP651050KP,8.433493415327526,38,56525.34693759479,0,0
DI1572DI,Farmers Financial Solutions,122474,3808,32,53,1,406,NS244355NS,9.35587696758865,97,31074.540146960364,4,1
DI8521DI,Farmers Financial Solutions,96540,4310,43,13,1,406,NS819282NS,11.62703443473934,23,47168.909987647465,1,0
BG7171BG,Ameritas Investment,68017,4300,30,31,0,110,LQ794780LQ,7.53827136713209,63,41179.72658792572,3,0
EJ8097EJ,Wells Fargo Advisors Financial Network,125880,3626,39,41,1,1,OT942000OT,10.45491986920826,15,46090.61430334775,4,1
BG3090BG,Ameritas Investment,155570,4122,31,11,1,110,LQ971522LQ,12.614285508564857,97,43295.684329537406,1,0
AF7566AF,Prudential Investment Management Services,58702,4680,18,4,1,203,KP906651KP,6.785033530877545,25,49535.796292586005,3,0
AF5624AF,Prudential Investment Management Services,181456,4675,36,34,1,203,KP943601KP,10.36926771706461,17,46700.85264866526,2,0
AF2633AF,Prudential Investment Management Services,50404,4054,2,38,0,203,KP593671KP,10.519765588496847,97,46488.59306179161,2,0
AF2517AF,Prudential Investment Management Services,62763,2287,14,46,1,203,KP699253KP,11.56364574355462,66,61073.88428338713,3,0
AF4648AF,Prudential Investment Management Services,199456,4489,13,4,0,203,KP277912KP,7.526098578243836,78,55571.78660669249,1,0
CH2537CH,Princor Financial Services Corporation,148142,4874,29,38,0,315,MR275767MR,7.359086773831447,53,42961.053496995664,5,1
DI4137DI,Farmers Financial Solutions,190932,3143,12,19,1,406,NS336281NS,11.043883131233795,51,44444.53267186579,7,1
AF7985AF,Prudential Investment Management Services,130642,2111,39,6,0,203,KP184754KP,10.593969346466372,39,54917.93055399613,1,0
EJ1097EJ,Wells Fargo Advisors Financial Network,100612,4149,2,34,1,1,OT702276OT,10.500985700691754,51,54904.195717027666,1,0
EJ4750EJ,Wells Fargo Advisors Financial Network,73574,2311,32,18,1,1,OT551558OT,10.692896418993952,70,43962.19760937931,0,0
EJ9535EJ,Wells Fargo Advisors Financial Network,73524,4191,13,13,0,1,OT607732OT,8.639950556843019,6,47660.09333097835,3,0
EJ9174EJ,Wells Fargo Advisors Financial Network,60916,3861,46,41,0,1,OT250023OT,10.464507394322007,67,68468.06040086968,3,0
CH9103CH,Princor Financial Services Corporation,54809,3538,27,23,0,315,MR756667MR,10.586144946597363,7,44134.51911478657,6,1
EJ6413EJ,Wells Fargo Advisors Financial Network,194528,4983,49,19,0,1,OT180388OT,8.571297163947264,51,69108.04588458786,3,0
AF5666AF,Prudential Investment Management Services,171288,1451,41,45,1,203,KP977200KP,13.731549022289514,72,61036.66942525805,4,1
BG1610BG,Ameritas Investment,88765,2523,17,11,1,110,LQ921860LQ,10.947665841823575,42,67254.16275055465,3,0
EJ2727EJ,Wells Fargo Advisors Financial Network,95106,1164,40,1,1,1,OT339779OT,7.617393005594703,64,43709.28027930571,3,0
CH2854CH,Princor Financial Services Corporation,103932,1181,31,24,0,315,MR978453MR,11.31310721726766,15,48314.44125937239,3,0
CH6055CH,Princor Financial Services Corporation,198172,3516,34,54,0,315,MR306846MR,8.050636659545358,29,45508.36191224437,1,0
EJ3324EJ,Wells Fargo Advisors Financial Network,107091,1909,24,7,0,1,OT794335OT,11.574169207484903,33,61267.53191926203,1,0
BG6774BG,Ameritas Investment,71949,3782,45,25,1,110,LQ232212LQ,12.317191158014808,94,44323.1622732791,5,1
EJ7519EJ,Wells Fargo Advisors Financial Network,87744,1822,35,21,0,1,OT912853OT,8.358635363296578,27,57312.154933428734,3,0
CH2749CH,Princor Financial Services Corporation,158319,1943,48,15,1,315,MR888140MR,11.926752258488644,36,56782.99411192041,3,0
DI1781DI,Farmers Financial Solutions,142193,3001,6,1,0,406,NS512811NS,10.825561853872996,29,49519.704692858235,2,0
AF8548AF,Prudential Investment Management Services,86187,3054,19,12,1,203,KP700309KP,11.64412031998898,38,62986.597341643355,0,0
CH7823CH,Princor Financial Services Corporation,188311,1329,30,58,1,315,MR259380MR,13.793585965307894,57,51076.79869726605,4,1
EJ3105EJ,Wells Fargo Advisors Financial Network,174454,1774,7,7,0,1,OT144789OT,9.509223767994259,97,58340.85718608303,4,1
AF4867AF,Prudential Investment Management Services,64489,4744,10,15,0,203,KP126086KP,8.492527671285021,27,45052.96631082217,3,0
EJ8193EJ,Wells Fargo Advisors Financial Network,111877,3198,41,21,1,1,OT379003OT,8.220971140748954,55,42765.63185893175,4,1
EJ5976EJ,Wells Fargo Advisors Financial Network,99922,4156,32,19,1,1,OT631972OT,8.368379430069123,33,57311.45529257608,2,0
DI3113DI,Farmers Financial Solutions,144074,1146,34,29,0,406,NS191088NS,9.845796581171792,68,54308.40244333749,4,1
AF6879AF,Prudential Investment Management Services,87131,4695,28,25,0,203,KP494423KP,10.682303949633289,86,52433.07664128366,2,0
AF4970AF,Prudential Investment Management Services,165765,4452,15,33,1,203,KP670387KP,10.553381598660039,66,46563.11652062216,1,0
DI8264DI,Farmers Financial Solutions,123963,1914,30,49,0,406,NS690381NS,11.654366498072047,10,65492.09476526304,3,0
CH2577CH,Princor Financial Services Corporation,156884,2571,37,32,1,315,MR260761MR,10.026003783755813,5,38834.14195746153,5,1
EJ3274EJ,Wells Fargo Advisors Financial Network,175917,2308,29,49,1,1,OT935083OT,12.907068154314633,74,38286.56990269028,4,1
BG5869BG,Ameritas Investment,74285,3747,22,35,0,110,LQ638181LQ,9.470686333524087,97,59421.66505163829,2,0
EJ7744EJ,Wells Fargo Advisors Financial Network,87626,1081,4,44,0,1,OT591024OT,15.440338333179238,38,58600.9638414307,5,1
EJ3426EJ,Wells Fargo Advisors Financial Network,69198,1513,20,38,0,1,OT690706OT,11.251334695530012,13,53537.62778991868,4,1
CH6546CH,Princor Financial Services Corporation,65254,2920,32,26,0,315,MR225074MR,8.285684887167434,31,47120.47778097194,6,1
EJ7852EJ,Wells Fargo Advisors Financial Network,94238,3862,36,11,0,1,OT989497OT,7.858215003877776,47,55024.22129190412,1,0
DI3551DI,Farmers Financial Solutions,51252,3756,4,35,1,406,NS230351NS,10.96494483048637,88,67208.30297119534,1,0
DI7411DI,Farmers Financial Solutions,89764,2939,27,8,1,406,NS815371NS,9.553074429348298,52,75155.46207874225,8,1
AF1007AF,Prudential Investment Management Services,127709,4594,17,46,0,203,KP138635KP,11.428000988184184,56,33435.86294524843,1,0
BG9087BG,Ameritas Investment,103682,1745,12,14,0,110,LQ195071LQ,10.94647524914709,15,45810.79880751453,5,1
EJ3555EJ,Wells Fargo Advisors Financial Network,109494,4070,22,10,0,1,OT565918OT,9.854342174686254,29,45182.2673701516,3,0
EJ1475EJ,Wells Fargo Advisors Financial Network,131317,2409,17,2,1,1,OT964950OT,8.30641256386319,8,66265.19471699682,4,1
CH6416CH,Princor Financial Services Corporation,115215,1706,10,46,0,315,MR468377MR,6.970305550628271,5,25187.050134347985,3,0
DI9676DI,Farmers Financial Solutions,128587,1470,1,9,0,406,NS990083NS,9.106970095865957,29,55138.35193065546,1,0
BG8239BG,Ameritas Investment,56949,4190,22,3,1,110,LQ697093LQ,11.712797588646945,47,47431.896915809666,1,0
AF7710AF,Prudential Investment Management Services,105393,1395,26,21,1,203,KP521280KP,10.428187488260408,68,66381.12749547641,3,0
DI6000DI,Farmers Financial Solutions,188013,2555,18,26,0,406,NS441207NS,7.508522442576024,76,65010.388400044605,1,0
AF5654AF,Prudential Investment Management Services,75934,3308,14,8,0,203,KP364598KP,10.346361851702364,45,53655.06734826693,4,1
CH9078CH,Princor Financial Services Corporation,125745,1804,47,48,0,315,MR383022MR,10.770634759457673,2,34202.76929288203,0,0
CH7063CH,Princor Financial Services Corporation,144456,1933,29,2,1,315,MR282170MR,8.232285127597734,27,44261.10517664867,3,0
EJ3285EJ,Wells Fargo Advisors Financial Network,103413,2279,12,6,0,1,OT293226OT,10.307450211891055,95,45356.089233862614,5,1
BG6223BG,Ameritas Investment,147239,2757,36,28,0,110,LQ244063LQ,10.116417436892,36,36735.45205546535,2,0
AF7971AF,Prudential Investment Management Services,92318,1904,35,53,0,203,KP692632KP,7.714059404338753,36,61545.8428185937,3,0
DI4525DI,Farmers Financial Solutions,120390,4297,12,29,1,406,NS991378NS,10.715574720696566,26,35465.73502725594,3,0
CH3822CH,Princor Financial Services Corporation,93088,2076,7,26,1,315,MR660881MR,11.121569052736469,43,69653.27508453712,1,0
EJ5943EJ,Wells Fargo Advisors Financial Network,153196,3987,29,25,0,1,OT660592OT,12.166102486350553,27,69628.22634045458,3,0
EJ7530EJ,Wells Fargo Advisors Financial Network,105479,2890,11,12,0,1,OT523602OT,12.107604104069805,69,46149.39738140494,4,1
AF1258AF,Prudential Investment Management Services,69963,2523,33,5,1,203,KP810580KP,7.244661264085818,20,53284.95370129816,2,0
CH1282CH,Princor Financial Services Corporation,105123,4577,6,34,1,315,MR213613MR,8.124349920169754,11,49277.165219295755,0,0
BG2898BG,Ameritas Investment,175911,3901,47,48,1,110,LQ824698LQ,11.03007053441732,74,59018.2480036169,5,1
CH5135CH,Princor Financial Services Corporation,152468,2387,15,37,1,315,MR587505MR,11.027571901824418,38,62746.77338564759,4,1
AF7629AF,Prudential Investment Management Services,123477,2303,32,15,1,203,KP514299KP,11.030095372612095,6,52579.96992120066,3,0
AF4200AF,Prudential Investment Management Services,64388,1592,11,44,1,203,KP642642KP,17.70546298130944,72,54691.16709781063,3,0
CH6110CH,Princor Financial Services Corporation,55569,3761,23,36,1,315,MR384334MR,11.141781021386334,23,43793.957360604836,3,0
AF8167AF,Prudential Investment Management Services,119836,4229,26,15,1,203,KP630430KP,12.271131280361198,47,54367.139668903386,4,1
CH1612CH,Princor Financial Services Corporation,154573,3679,34,43,1,315,MR521614MR,11.908003526986406,90,51627.62078923981,3,0
DI1687DI,Farmers Financial Solutions,193087,3106,46,48,0,406,NS283043NS,11.302782502611596,46,40882.05511248643,4,1
CH4690CH,Princor Financial Services Corporation,95002,4798,34,23,0,315,MR928294MR,9.369461510719308,12,49859.62890656889,2,0
CH9804CH,Princor Financial Services Corporation,187326,1127,29,6,0,315,MR808770MR,11.517938440986535,90,46168.17482013927,2,0
AF3307AF,Prudential Investment Management Services,198216,1735,4,46,1,203,KP250575KP,8.454349570924856,13,43905.044181819416,2,0
AF8133AF,Prudential Investment Management Services,187162,3768,17,50,0,203,KP225438KP,9.526362786519982,62,38535.08792400432,3,0
EJ7509EJ,Wells Fargo Advisors Financial Network,192709,4953,35,44,1,1,OT672744OT,9.029272904341793,82,50625.02733249476,4,1
EJ6906EJ,Wells Fargo Advisors Financial Network,74071,4186,13,59,1,1,OT724455OT,10.163748278772646,89,42195.25993674657,5,1
DI3591DI,Farmers Financial Solutions,108243,4280,41,43,0,406,NS968467NS,14.629317133347017,97,45288.91827697301,6,1
EJ8183EJ,Wells Fargo Advisors Financial Network,175827,3573,39,45,1,1,OT894448OT,6.265469614816504,60,60751.24275217289,2,0
CH6248CH,Princor Financial Services Corporation,158215,1520,15,21,0,315,MR364528MR,11.372520380749027,43,56321.16101268378,2,0
AF9766AF,Prudential Investment Management Services,151570,3599,29,23,0,203,KP293392KP,6.774568257620697,76,40212.33352138747,2,0
EJ6108EJ,Wells Fargo Advisors Financial Network,119724,1236,29,43,0,1,OT508288OT,9.056136268421133,68,53518.910679064364,5,1
EJ4604EJ,Wells Fargo Advisors Financial Network,165359,2304,11,55,1,1,OT202239OT,12.177901193934732,5,51327.80698264155,6,1
DI1669DI,Farmers Financial Solutions,125697,4430,32,16,0,406,NS735719NS,10.128560038190926,37,67016.96208533461,5,1
DI5364DI,Farmers Financial Solutions,78732,4272,2,47,1,406,NS966450NS,7.844510444141388,72,63831.45000872275,0,0
CH8329CH,Princor Financial Services Corporation,171465,2781,47,53,0,315,MR664798MR,8.569392581480063,92,34662.51274290164,0,0
AF2283AF,Prudential Investment Management Services,192386,2301,14,15,0,203,KP804293KP,11.35919549786935,31,58611.27668958601,2,0
DI1923DI,Farmers Financial Solutions,107108,4306,20,25,0,406,NS908258NS,8.539266736565727,9,62651.97251623699,0,0
EJ2125EJ,Wells Fargo Advisors Financial Network,161195,3541,22,36,1,1,OT430170OT,10.43291717916395,51,55593.59208728331,5,1
AF2529AF,Prudential Investment Management Services,153081,3051,11,11,1,203,KP221668KP,10.091143679807628,29,46645.87856305809,4,1
AF9438AF,Prudential Investment Management Services,86668,3713,27,51,1,203,KP866988KP,8.696799304788366,78,74133.93915117136,4,1
EJ4711EJ,Wells Fargo Advisors Financial Network,73061,1441,3,15,0,1,OT518734OT,14.28788817865065,40,56514.09280927022,0,0
DI9004DI,Farmers Financial Solutions,129252,3076,17,4,0,406,NS648333NS,11.267838044636022,41,69765.44273728228,3,0
EJ7274EJ,Wells Fargo Advisors Financial Network,89749,4180,44,21,1,1,OT281948OT,5.949714826684786,86,63514.78429473507,3,0
AF4864AF,Prudential Investment Management Services,180560,3657,28,13,1,203,KP585662KP,10.372908629538856,11,54641.34660223304,4,1
BG8833BG,Ameritas Investment,154680,4798,29,22,1,110,LQ714390LQ,8.676427070463223,23,44202.99088526372,1,0
BG7788BG,Ameritas Investment,197979,1804,21,19,1,110,LQ414063LQ,11.704866669592448,1,49758.951218474984,1,0
CH1226CH,Princor Financial Services Corporation,199849,1074,47,34,1,315,MR723729MR,8.4149585231346,46,47780.875472064465,4,1
EJ1264EJ,Wells Fargo Advisors Financial Network,101745,3885,16,14,1,1,OT258175OT,9.770527117066202,21,37854.810443507304,3,0
EJ1645EJ,Wells Fargo Advisors Financial Network,158464,4217,37,4,0,1,OT349877OT,11.009974557960915,90,56502.81574959703,6,1
CH8544CH,Princor Financial Services Corporation,141865,3175,20,48,1,315,MR236917MR,11.731510388340244,36,65673.5300195941,2,0
CH6569CH,Princor Financial Services Corporation,162428,4924,6,53,0,315,MR317770MR,7.599407185888447,54,47016.96505448553,2,0
CH3990CH,Princor Financial Services Corporation,73624,3089,19,52,0,315,MR742613MR,9.330997528318104,87,71636.56499224737,3,0
AF3504AF,Prudential Investment Management Services,73321,2379,5,46,1,203,KP643625KP,9.050109377678087,57,34424.17214138266,5,1
EJ1587EJ,Wells Fargo Advisors Financial Network,191560,1040,3,27,1,1,OT777673OT,8.693341534852577,1,60543.635483872036,5,1
AF5079AF,Prudential Investment Management Services,72574,3981,1,29,0,203,KP440093KP,13.530908480562193,63,66715.2023540541,3,0
CH4348CH,Princor Financial Services Corporation,186312,3081,38,47,1,315,MR886708MR,10.80996342192191,54,47959.694190189395,4,1
EJ7299EJ,Wells Fargo Advisors Financial Network,191550,4088,15,28,1,1,OT413295OT,7.478232091329909,55,48139.434948571194,6,1
AF4831AF,Prudential Investment Management Services,168831,2700,34,35,0,203,KP767304KP,11.835723894109552,40,60427.651758444015,1,0
AF9381AF,Prudential Investment Management Services,185504,4224,35,8,0,203,KP939319KP,14.244312394025266,15,55059.911099595345,4,1
CH2715CH,Princor Financial Services Corporation,145257,4045,49,16,0,315,MR705730MR,12.064930521102294,21,30025.88656540493,2,0
EJ7450EJ,Wells Fargo Advisors Financial Network,114291,2401,25,42,1,1,OT149847OT,6.961260068091973,47,41566.268454606194,1,0
CH6433CH,Princor Financial Services Corporation,177600,1587,24,36,0,315,MR158653MR,9.031531854267497,73,49864.504519525406,6,1
EJ2098EJ,Wells Fargo Advisors Financial Network,100428,2622,12,30,1,1,OT841432OT,12.533822298373245,53,36303.01820314933,4,1
BG8096BG,Ameritas Investment,181374,4700,18,18,0,110,LQ877949LQ,8.584661068762438,9,45258.256835700966,2,0
DI3326DI,Farmers Financial Solutions,181127,4945,15,2,0,406,NS418766NS,10.887638856292456,74,36553.14574756066,3,0
DI7416DI,Farmers Financial Solutions,161317,1341,44,49,0,406,NS389954NS,11.549268106858673,52,46298.2936944661,7,1
DI7980DI,Farmers Financial Solutions,189789,3074,16,13,1,406,NS177842NS,8.146139056843834,57,46633.77272678839,2,0
CH7763CH,Princor Financial Services Corporation,177449,4896,27,4,1,315,MR372647MR,9.8809492878764,26,53517.546765937135,2,0
BG2674BG,Ameritas Investment,78699,4358,8,26,0,110,LQ184761LQ,3.517465319861855,41,49082.406760005,3,0
EJ8950EJ,Wells Fargo Advisors Financial Network,123686,1645,46,25,0,1,OT530192OT,7.951224717331421,35,55027.89721040756,0,0
AF9915AF,Prudential Investment Management Services,117661,1730,25,30,0,203,KP898022KP,9.49486369721368,63,53835.440074739214,4,1
EJ7049EJ,Wells Fargo Advisors Financial Network,94247,1167,17,11,1,1,OT616637OT,7.504433636070301,25,60313.399942643104,6,1
AF2089AF,Prudential Investment Management Services,197820,1609,29,7,0,203,KP766246KP,13.26482260786327,90,58737.830409601156,4,1
EJ5578EJ,Wells Fargo Advisors Financial Network,155113,3315,8,31,1,1,OT428768OT,7.139717244078735,75,57681.238351347165,1,0
BG1155BG,Ameritas Investment,54621,2772,15,44,0,110,LQ788152LQ,9.119911026606033,38,81048.67428466721,3,0
AF2958AF,Prudential Investment Management Services,196106,3040,27,10,0,203,KP502980KP,10.261481154572182,2,53474.02636642329,1,0
CH7344CH,Princor Financial Services Corporation,186198,3868,46,39,0,315,MR881198MR,12.882546578132231,7,75935.71503858862,2,0
EJ6779EJ,Wells Fargo Advisors Financial Network,186194,1454,7,13,0,1,OT220356OT,7.128275697641121,82,54122.18402243934,2,0
EJ7144EJ,Wells Fargo Advisors Financial Network,68030,3953,3,31,0,1,OT317228OT,12.32632750430992,91,49171.49085194108,2,0
AF6063AF,Prudential Investment Management Services,132838,2708,29,7,0,203,KP142727KP,10.020466122039174,34,46268.34817786803,4,1
CH4830CH,Princor Financial Services Corporation,134717,4472,44,56,1,315,MR440615MR,8.036982697904097,91,65097.25798448429,7,1
CH9831CH,Princor Financial Services Corporation,88638,3969,24,49,0,315,MR632356MR,10.92420694852654,17,66405.03392887938,1,0
BG7659BG,Ameritas Investment,117067,4028,3,42,1,110,LQ741211LQ,10.39811939114694,43,55997.838559647294,5,1
CH1441CH,Princor Financial Services Corporation,168033,4547,20,42,0,315,MR500511MR,8.79956624568241,59,61335.467745027054,4,1
CH7040CH,Princor Financial Services Corporation,155977,1701,46,56,0,315,MR534376MR,10.139604169980037,51,37227.79534076917,4,1
CH6925CH,Princor Financial Services Corporation,138869,3681,15,36,1,315,MR111390MR,9.22937280627648,54,34512.20177487788,5,1
DI8358DI,Farmers Financial Solutions,155186,4629,25,20,0,406,NS731040NS,10.227034690502496,24,62463.26885797454,4,1
BG5628BG,Ameritas Investment,84674,2599,30,4,1,110,LQ456898LQ,11.324261349042093,25,48731.885020969785,5,1
EJ7370EJ,Wells Fargo Advisors Financial Network,96271,1129,14,54,1,1,OT438113OT,13.172033632290704,71,57493.02417397503,5,1
AF1948AF,Prudential Investment Management Services,123688,4067,7,7,0,203,KP770398KP,7.524369002346302,52,42827.12050043922,3,0
EJ9179EJ,Wells Fargo Advisors Financial Network,161076,2845,17,54,1,1,OT849078OT,14.266066749312532,70,66569.88469704776,6,1
BG7115BG,Ameritas Investment,191339,2386,44,1,1,110,LQ439208LQ,6.095824400954996,88,34595.81328110964,6,1
AF1459AF,Prudential Investment Management Services,51062,4776,20,44,0,203,KP121281KP,9.696429809928834,33,36144.14913517311,4,1
BG8568BG,Ameritas Investment,100448,3866,36,56,1,110,LQ154189LQ,11.176634412969154,49,64443.11583712345,5,1
CH5646CH,Princor Financial Services Corporation,145462,1692,9,45,0,315,MR362093MR,10.561983735470065,29,23901.582070170996,3,0
AF1392AF,Prudential Investment Management Services,187301,4363,38,42,0,203,KP410655KP,8.754600960358813,63,53785.68868094916,0,0
CH2787CH,Princor Financial Services Corporation,97915,2394,48,47,0,315,MR746403MR,9.58375549928545,22,48926.74004403423,0,0
EJ8374EJ,Wells Fargo Advisors Financial Network,54632,1793,22,59,0,1,OT632893OT,9.013998130682335,26,42640.4808079997,7,1
EJ2138EJ,Wells Fargo Advisors Financial Network,154592,1028,2,13,1,1,OT462462OT,8.821270486111576,28,48000.60151409631,3,0
AF5741AF,Prudential Investment Management Services,184668,1148,24,55,0,203,KP494597KP,11.69920419404205,85,41524.7650691019,8,1
AF8418AF,Prudential Investment Management Services,159779,4850,8,22,0,203,KP906242KP,10.714030971930095,49,65422.55946048499,2,0
BG7362BG,Ameritas Investment,187240,2319,11,54,1,110,LQ349415LQ,8.614180809478691,71,68044.9708836161,4,1
BG3454BG,Ameritas Investment,158099,3058,13,21,0,110,LQ779682LQ,11.799199750866501,81,43142.62413211655,3,0
CH4674CH,Princor Financial Services Corporation,57561,4583,17,22,0,315,MR141869MR,10.614599041753218,84,52755.248774685315,5,1
AF2377AF,Prudential Investment Management Services,132152,3723,8,28,1,203,KP657243KP,11.62572423767792,49,36749.235290639524,2,0
EJ7701EJ,Wells Fargo Advisors Financial Network,175036,2136,21,9,1,1,OT685676OT,11.259257683847224,20,60730.52159003127,0,0
BG3597BG,Ameritas Investment,174049,1186,18,26,1,110,LQ865612LQ,8.342009978155856,86,60470.09174643314,1,0
BG1141BG,Ameritas Investment,76734,3854,30,9,1,110,LQ110207LQ,8.879637919606061,92,47047.3776729231,4,1
EJ3659EJ,Wells Fargo Advisors Financial Network,187443,3791,18,15,1,1,OT318401OT,11.494587210246523,63,50168.85058419895,5,1
BG5596BG,Ameritas Investment,76069,2250,46,10,1,110,LQ259292LQ,11.22074053086693,61,49062.34550477329,4,1
CH6661CH,Princor Financial Services Corporation,62910,2333,47,24,1,315,MR577266MR,9.958196812071703,49,33815.421663197245,3,0
AF7142AF,Prudential Investment Management Services,123479,1097,31,58,0,203,KP596762KP,10.234654766617563,71,65460.04147600127,4,1
EJ6626EJ,Wells Fargo Advisors Financial Network,131264,1054,38,57,1,1,OT305157OT,12.555329791576849,1,42330.46761117569,7,1
AF9787AF,Prudential Investment Management Services,73275,3670,32,42,1,203,KP122031KP,8.81685722232834,96,42398.50727742079,2,0
BG9472BG,Ameritas Investment,122274,3711,11,8,1,110,LQ563937LQ,11.094194762340075,13,48495.80145538167,1,0
BG1423BG,Ameritas Investment,150776,1757,45,24,0,110,LQ967239LQ,9.595614695132213,94,59955.485853622784,4,1
EJ7999EJ,Wells Fargo Advisors Financial Network,98447,1405,25,16,0,1,OT695600OT,9.564637593545559,87,44086.967849079694,2,0
CH5249CH,Princor Financial Services Corporation,176394,3116,33,49,1,315,MR684054MR,12.19755370397438,51,30478.147785965557,5,1
DI2750DI,Farmers Financial Solutions,125703,4383,38,26,1,406,NS243521NS,11.65083269797606,56,41130.019392704664,0,0
EJ5757EJ,Wells Fargo Advisors Financial Network,126090,2312,41,27,1,1,OT451977OT,11.627019272001277,83,54241.40419078991,4,1
DI2967DI,Farmers Financial Solutions,67260,2785,8,37,0,406,NS287771NS,12.610957614308658,62,71897.50287809187,1,0
DI5088DI,Farmers Financial Solutions,162581,4619,11,4,0,406,NS337199NS,10.042007683265519,32,37400.80033626844,3,0
CH5178CH,Princor Financial Services Corporation,53812,1750,22,50,1,315,MR861019MR,11.363905942589927,30,37034.98232519171,0,0
DI8789DI,Farmers Financial Solutions,166148,4219,24,24,0,406,NS860129NS,9.379466486813088,29,34874.04499161184,2,0
DI3946DI,Farmers Financial Solutions,166421,4538,41,19,1,406,NS735329NS,10.648332704976884,49,33632.75008700659,2,0
CH6394CH,Princor Financial Services Corporation,51605,2762,17,36,0,315,MR740473MR,9.73971389126463,45,62056.9146008143,6,1
DI8880DI,Farmers Financial Solutions,122303,4315,12,39,0,406,NS277164NS,10.193991929985437,93,64946.8857536438,1,0
DI6075DI,Farmers Financial Solutions,126125,4562,46,10,1,406,NS556887NS,11.190314050873827,30,51777.55893580402,3,0
DI8230DI,Farmers Financial Solutions,194990,4920,32,25,1,406,NS634638NS,8.363558633533055,16,45322.87227859143,3,0
EJ2531EJ,Wells Fargo Advisors Financial Network,174040,4005,15,18,1,1,OT851518OT,14.184774551370921,40,67911.43786862626,2,0
EJ3990EJ,Wells Fargo Advisors Financial Network,194118,4578,16,19,1,1,OT987291OT,7.987965237000596,19,51739.08041656505,2,0
EJ8155EJ,Wells Fargo Advisors Financial Network,54324,1364,22,36,0,1,OT613313OT,7.571622774424536,18,60894.36709360434,5,1
CH5493CH,Princor Financial Services Corporation,126323,3026,28,10,0,315,MR885858MR,12.316221747000135,1,44835.51058278184,5,1
BG1933BG,Ameritas Investment,59111,1481,20,33,0,110,LQ168487LQ,11.583325387925871,78,50442.43854223774,1,0
DI2460DI,Farmers Financial Solutions,66389,3248,33,55,1,406,NS248694NS,11.24823963410431,47,37626.58354552954,2,0
DI3723DI,Farmers Financial Solutions,172177,1153,10,50,0,406,NS223853NS,11.25669101852856,66,56292.489718935845,2,0
CH1285CH,Princor Financial Services Corporation,91427,4521,40,5,1,315,MR415261MR,9.97550645430617,92,51909.37750773316,0,0
DI1264DI,Farmers Financial Solutions,172883,2524,32,47,0,406,NS335062NS,8.205491257028337,94,41054.36767586216,1,0
EJ7816EJ,Wells Fargo Advisors Financial Network,181189,3120,33,49,1,1,OT551610OT,10.151609116387453,38,41188.928504735384,2,0
BG2762BG,Ameritas Investment,175808,3760,2,35,1,110,LQ333077LQ,8.645676576975777,51,66159.58503338744,3,0
AF1040AF,Prudential Investment Management Services,162221,3343,33,44,0,203,KP987516KP,11.950239466835502,63,69716.68750461817,3,0
DI6827DI,Farmers Financial Solutions,63234,2040,33,34,1,406,NS123782NS,9.705885236995723,4,47868.64663332679,2,0
EJ9259EJ,Wells Fargo Advisors Financial Network,103441,2664,41,33,1,1,OT609492OT,8.349005606414977,1,50677.535727621624,3,0
AF1987AF,Prudential Investment Management Services,50846,2240,13,55,0,203,KP914886KP,9.357228316694012,8,54001.14474648217,2,0
BG8804BG,Ameritas Investment,60954,1060,30,21,1,110,LQ954336LQ,10.82586290855125,29,51480.31758159687,4,1
AF8789AF,Prudential Investment Management Services,129239,1938,33,17,1,203,KP754224KP,8.87255089439205,55,33257.0227946137,2,0
EJ6717EJ,Wells Fargo Advisors Financial Network,96514,2639,13,22,1,1,OT508808OT,8.355559208867136,3,54278.70677190386,7,1
AF4198AF,Prudential Investment Management Services,138236,3089,26,48,0,203,KP253245KP,10.487374422983825,32,29121.109653993914,3,0
CH6374CH,Princor Financial Services Corporation,147579,1024,22,37,0,315,MR222258MR,10.489933142217446,10,42673.158087423806,5,1
AF5790AF,Prudential Investment Management Services,187541,2062,39,15,1,203,KP735956KP,8.98611364925774,74,55054.271466248174,1,0
DI8183DI,Farmers Financial Solutions,92101,4874,2,35,0,406,NS554418NS,9.057923388763355,83,55999.94207924837,0,0
DI3524DI,Farmers Financial Solutions,114323,1130,38,28,1,406,NS582616NS,10.464099874715272,34,41899.2691579051,2,0
CH3479CH,Princor Financial Services Corporation,141922,4569,39,7,1,315,MR486328MR,7.103831317005351,97,45415.630598130825,5,1
EJ6154EJ,Wells Fargo Advisors Financial Network,177534,2252,26,32,1,1,OT606581OT,7.1850724512468895,87,44061.63491001546,1,0
DI1778DI,Farmers Financial Solutions,117584,1107,46,11,1,406,NS523966NS,8.563111557495128,55,48971.5583686393,1,0
BG2492BG,Ameritas Investment,154537,1171,15,10,1,110,LQ378710LQ,9.573105696576306,92,49732.056533643365,4,1
DI1660DI,Farmers Financial Solutions,128477,2458,34,9,0,406,NS762550NS,10.621815131196009,32,56684.681295291106,3,0
DI2348DI,Farmers Financial Solutions,92533,4549,42,14,1,406,NS662621NS,12.950712433899104,50,44831.031371102166,4,1
EJ8851EJ,Wells Fargo Advisors Financial Network,51828,1101,44,13,0,1,OT484073OT,11.71531924640404,7,53733.96191913555,2,0
AF8156AF,Prudential Investment Management Services,51917,3913,49,57,0,203,KP836265KP,9.680122940073145,93,55070.15764487191,4,1
DI3044DI,Farmers Financial Solutions,70618,3571,40,25,1,406,NS713859NS,9.961967584194623,8,51982.89377371865,2,0
CH8368CH,Princor Financial Services Corporation,82254,3322,11,2,1,315,MR220263MR,7.994941270724382,65,47403.94177550526,6,1
AF4516AF,Prudential Investment Management Services,155292,2636,3,35,0,203,KP649523KP,9.96297372801522,57,51806.454642754405,3,0
BG5577BG,Ameritas Investment,97362,4115,6,7,0,110,LQ100159LQ,9.422682722159724,67,57517.40273393576,3,0
EJ1727EJ,Wells Fargo Advisors Financial Network,70128,3864,9,21,0,1,OT767505OT,10.64543712067618,88,58391.84867716312,5,1
BG8468BG,Ameritas Investment,173781,4004,6,18,1,110,LQ262993LQ,8.345538112895355,87,68153.72684826906,4,1
AF1342AF,Prudential Investment Management Services,115545,2040,9,3,0,203,KP467003KP,11.038693028482344,59,40099.73763693738,1,0
AF2447AF,Prudential Investment Management Services,132180,1329,39,42,1,203,KP247309KP,13.065477826005155,72,45599.92609004598,4,1
AF7581AF,Prudential Investment Management Services,137958,4640,31,54,1,203,KP207507KP,9.782479703086285,54,33865.31339731598,3,0
BG7317BG,Ameritas Investment,190937,4894,32,39,1,110,LQ114743LQ,10.803423444197882,67,59310.09464327855,5,1
AF1526AF,Prudential Investment Management Services,183291,2520,41,41,0,203,KP852462KP,11.380287983422225,51,46654.92493643253,4,1
BG7748BG,Ameritas Investment,89809,4886,12,49,1,110,LQ146101LQ,9.197559056228327,97,52061.909820293266,4,1
AF1405AF,Prudential Investment Management Services,166748,1011,8,11,1,203,KP342717KP,10.448184963620834,92,43956.6143055336,6,1
CH8986CH,Princor Financial Services Corporation,55287,2341,8,39,1,315,MR745822MR,10.02518480156359,8,46732.96005022174,4,1
AF4740AF,Prudential Investment Management Services,58512,4663,28,24,1,203,KP446371KP,10.195352197097664,34,62231.901054266586,1,0
BG2846BG,Ameritas Investment,182414,1215,20,46,1,110,LQ330604LQ,8.453980432289066,35,56942.33410485984,1,0
DI2478DI,Farmers Financial Solutions,158872,1338,47,19,0,406,NS287450NS,10.049020348517885,96,48884.779423410546,1,0
AF1771AF,Prudential Investment Management Services,143070,2799,7,4,1,203,KP957558KP,10.9959965824909,88,57678.13919476397,2,0
DI6525DI,Farmers Financial Solutions,129767,3708,11,26,1,406,NS942503NS,12.902287215590084,78,57899.00080037874,3,0
CH9770CH,Princor Financial Services Corporation,147829,4152,20,38,0,315,MR826481MR,11.918541652170413,32,46085.744833132645,3,0
EJ1193EJ,Wells Fargo Advisors Financial Network,92078,2750,16,42,1,1,OT436907OT,14.306364915023114,46,35309.20439363792,3,0
CH3007CH,Princor Financial Services Corporation,156288,2508,4,32,0,315,MR587030MR,8.4653048742239,16,41008.38372997961,3,0
AF2185AF,Prudential Investment Management Services,133524,3421,6,39,1,203,KP859710KP,11.744641273441356,68,36594.71396617483,4,1
DI3394DI,Farmers Financial Solutions,62219,4023,22,45,0,406,NS505453NS,10.366684011476703,37,61644.346459929075,3,0
DI5005DI,Farmers Financial Solutions,50235,1709,26,46,0,406,NS771009NS,14.379605866435345,54,63381.15216447681,6,1
BG8429BG,Ameritas Investment,92929,2223,3,36,1,110,LQ268785LQ,8.383403429289697,85,65863.73880159017,2,0
DI3261DI,Farmers Financial Solutions,177309,4608,41,40,1,406,NS304535NS,8.320556315638449,14,29804.444510228313,3,0
BG4736BG,Ameritas Investment,117444,3513,42,37,1,110,LQ800769LQ,8.801214709111957,95,60714.00910373722,3,0
EJ7716EJ,Wells Fargo Advisors Financial Network,189639,2112,14,33,0,1,OT279838OT,5.752208551380386,55,72121.91309384684,2,0
AF5875AF,Prudential Investment Management Services,151834,2291,11,36,0,203,KP670442KP,8.948489956638477,48,61119.87713810645,0,0
BG9921BG,Ameritas Investment,134555,4726,18,3,0,110,LQ369160LQ,8.481734676892604,82,28487.703821293304,2,0
EJ5378EJ,Wells Fargo Advisors Financial Network,123698,4642,12,9,1,1,OT572779OT,10.300787572952416,7,67682.98308396772,8,1
DI8815DI,Farmers Financial Solutions,174450,4993,23,8,0,406,NS541904NS,10.683511951554319,74,50416.890371319416,4,1
DI4451DI,Farmers Financial Solutions,186487,1488,12,33,0,406,NS976110NS,13.752341678431772,7,47676.00893499528,3,0
EJ8616EJ,Wells Fargo Advisors Financial Network,93925,4948,13,59,1,1,OT998488OT,11.9008476763721,33,54510.95296582978,4,1
DI3800DI,Farmers Financial Solutions,187023,2561,25,6,0,406,NS678526NS,8.846192688675194,23,39509.930774295135,3,0
EJ9333EJ,Wells Fargo Advisors Financial Network,137388,1046,45,41,0,1,OT420752OT,8.203170657303284,85,50027.82370921579,5,1
BG6410BG,Ameritas Investment,58007,4359,19,39,1,110,LQ713369LQ,10.983838343013012,19,66204.29645104073,2,0
BG2455BG,Ameritas Investment,108596,1777,46,4,0,110,LQ347644LQ,7.359533585958715,19,56223.96870523288,3,0
EJ7892EJ,Wells Fargo Advisors Financial Network,171101,2039,36,13,1,1,OT937393OT,13.662917531708707,36,50584.01472102668,5,1
BG6808BG,Ameritas Investment,138861,1710,45,49,1,110,LQ299775LQ,12.358880241442574,29,50896.08159927609,3,0
BG7796BG,Ameritas Investment,136740,1400,8,2,1,110,LQ913349LQ,9.061648695790591,60,38186.06016701199,3,0
BG5796BG,Ameritas Investment,65524,4990,29,5,1,110,LQ914422LQ,6.573730941818245,82,48500.12108600274,2,0
CH6093CH,Princor Financial Services Corporation,181149,2817,32,44,1,315,MR162551MR,12.707744748330825,2,33657.04664370233,2,0
AF2325AF,Prudential Investment Management Services,175501,4028,44,27,0,203,KP834983KP,9.770920309494764,1,60224.409523938106,2,0
DI5976DI,Farmers Financial Solutions,70611,4157,18,32,0,406,NS777800NS,12.475632623946924,47,28142.895175246573,7,1
CH2159CH,Princor Financial Services Corporation,198056,1249,6,21,1,315,MR266277MR,6.811144682411266,69,58549.0037962071,3,0
BG5650BG,Ameritas Investment,64060,1390,18,8,1,110,LQ180811LQ,8.801249954092455,20,59794.109008340616,1,0
EJ5987EJ,Wells Fargo Advisors Financial Network,93303,4853,19,38,0,1,OT879128OT,10.010487399436366,11,63187.64615727194,7,1
BG5697BG,Ameritas Investment,89711,1334,22,8,1,110,LQ941535LQ,10.093961187529484,2,50868.59163161803,8,1
AF1340AF,Prudential Investment Management Services,193026,1628,37,50,1,203,KP564028KP,9.099869057041513,67,59166.28466157529,6,1
BG4828BG,Ameritas Investment,123340,4590,32,3,1,110,LQ468266LQ,11.245699864694998,87,48402.533596347836,3,0
EJ2968EJ,Wells Fargo Advisors Financial Network,152974,1136,41,54,0,1,OT334104OT,7.864759141234812,12,38133.028823120665,4,1
AF1703AF,Prudential Investment Management Services,199646,3930,3,44,0,203,KP643296KP,9.715241029957413,20,65307.32392537995,1,0
BG6482BG,Ameritas Investment,190256,3735,28,58,1,110,LQ302346LQ,10.240591263423799,5,49031.14170384925,2,0
AF7376AF,Prudential Investment Management Services,117728,4911,10,3,1,203,KP656690KP,11.028877668117499,37,35904.886825268055,2,0
DI2800DI,Farmers Financial Solutions,61246,2521,35,22,0,406,NS284456NS,11.42322975617778,38,45331.85054210218,4,1
DI6463DI,Farmers Financial Solutions,199453,1826,29,6,0,406,NS884282NS,7.750715816324261,94,45726.753174318284,5,1
BG5912BG,Ameritas Investment,177796,1726,15,2,1,110,LQ499009LQ,6.931771658528755,9,54616.96918124212,0,0
AF5648AF,Prudential Investment Management Services,142263,2500,33,23,1,203,KP596043KP,12.555353643797018,98,73470.47483372732,1,0
EJ1855EJ,Wells Fargo Advisors Financial Network,185090,3641,7,44,0,1,OT236643OT,10.664628023959184,53,55224.18613282565,4,1
BG3866BG,Ameritas Investment,61302,4294,12,2,0,110,LQ590083LQ,8.503026926886893,44,52068.43851996525,0,0
DI1182DI,Farmers Financial Solutions,117506,1989,49,38,0,406,NS213550NS,13.102303951045046,99,74557.76199562555,5,1
DI4112DI,Farmers Financial Solutions,91157,3419,30,17,1,406,NS584146NS,10.231349268585717,86,59788.93539912725,2,0
BG6670BG,Ameritas Investment,104917,1934,21,35,0,110,LQ191218LQ,12.358594368127653,24,52542.49204134929,0,0
AF5492AF,Prudential Investment Management Services,146646,4042,31,34,1,203,KP233296KP,10.135036962820218,81,45205.88141181905,4,1
DI6823DI,Farmers Financial Solutions,133122,1401,24,23,0,406,NS599909NS,14.121495849763974,74,53162.00076204561,2,0
AF2517AF,Prudential Investment Management Services,74519,2466,20,30,0,203,KP618767KP,13.510681684886409,30,49336.09595906863,3,0
DI6002DI,Farmers Financial Solutions,130910,4561,37,52,0,406,NS279767NS,9.502071703041853,59,50914.34127558996,2,0
DI2356DI,Farmers Financial Solutions,170430,1614,4,8,0,406,NS491858NS,11.94314190190871,87,63144.02424769473,4,1
CH4629CH,Princor Financial Services Corporation,121324,2296,28,22,1,315,MR865348MR,11.290751899170296,96,44596.77816862512,4,1
DI4628DI,Farmers Financial Solutions,55408,4597,44,44,1,406,NS340016NS,12.737263115064698,81,55135.40708163514,2,0
EJ9210EJ,Wells Fargo Advisors Financial Network,109379,2182,20,58,0,1,OT132441OT,8.070153078839791,81,59489.39989837594,7,1
BG7132BG,Ameritas Investment,75053,4223,24,36,1,110,LQ338038LQ,11.372102919996879,14,43378.87483175591,4,1
BG7588BG,Ameritas Investment,190518,4042,49,5,0,110,LQ794489LQ,12.116848973699176,9,41773.78584510899,4,1
AF4311AF,Prudential Investment Management Services,181994,3667,32,13,0,203,KP855612KP,6.482521027153771,40,48496.58077419097,5,1
DI7048DI,Farmers Financial Solutions,148723,3235,41,29,0,406,NS948800NS,7.63348297466845,66,45383.70409743539,7,1
EJ7246EJ,Wells Fargo Advisors Financial Network,101356,4884,36,31,0,1,OT716410OT,5.921535644479799,25,61523.326087415044,2,0
AF1987AF,Prudential Investment Management Services,60789,2121,34,47,1,203,KP144760KP,9.461186331110884,73,39982.317214353454,7,1
CH4321CH,Princor Financial Services Corporation,147720,1130,36,57,0,315,MR385622MR,11.435084511591924,22,50684.7136852867,4,1
AF5615AF,Prudential Investment Management Services,116656,3852,2,55,0,203,KP958286KP,13.004714104192056,4,75460.48333404475,9,1
AF9365AF,Prudential Investment Management Services,94028,2194,15,16,1,203,KP980662KP,10.148189560839551,26,54130.56533786182,3,0
DI4741DI,Farmers Financial Solutions,114484,3983,34,42,0,406,NS447860NS,13.257231091142584,58,55792.90144304885,4,1
CH4052CH,Princor Financial Services Corporation,82154,4033,36,30,0,315,MR767540MR,7.239797083570217,29,61606.82495697125,1,0
AF7574AF,Prudential Investment Management Services,52336,1182,6,57,0,203,KP198538KP,6.593235121289691,98,45370.50934574641,0,0
EJ1726EJ,Wells Fargo Advisors Financial Network,153677,4030,39,55,1,1,OT639660OT,9.888904602206763,87,39185.80371254596,0,0
EJ4760EJ,Wells Fargo Advisors Financial Network,117779,1363,42,16,0,1,OT916228OT,10.768130897878615,37,51765.112761627446,3,0
BG6806BG,Ameritas Investment,69029,1038,12,12,1,110,LQ611511LQ,9.934610503811815,75,52654.03828348537,1,0
CH2875CH,Princor Financial Services Corporation,109201,4598,3,17,0,315,MR321035MR,5.865115799920247,70,33817.89205286839,4,1
CH7993CH,Princor Financial Services Corporation,82265,4959,45,16,0,315,MR985258MR,9.821759920974424,18,53750.719146827774,3,0
BG5033BG,Ameritas Investment,152916,3544,18,12,1,110,LQ482736LQ,7.391060998990294,85,60698.50498701039,4,1
AF6443AF,Prudential Investment Management Services,96197,4587,40,8,0,203,KP455779KP,11.339345097660077,42,40870.519269759905,4,1
CH1989CH,Princor Financial Services Corporation,175733,2372,21,20,0,315,MR735310MR,10.733196492193697,41,54355.55848374813,7,1
EJ4744EJ,Wells Fargo Advisors Financial Network,121907,4029,15,3,1,1,OT678328OT,8.120240427345289,38,58922.636603701336,3,0
EJ9611EJ,Wells Fargo Advisors Financial Network,178876,1920,33,16,1,1,OT961789OT,8.972266165326612,34,55866.7820853008,2,0
DI1593DI,Farmers Financial Solutions,114435,4468,35,30,1,406,NS826728NS,7.881572956222097,17,56810.06238741557,4,1
CH2774CH,Princor Financial Services Corporation,90631,3769,26,45,1,315,MR702644MR,9.874641805453656,37,47551.99758193699,0,0
AF1935AF,Prudential Investment Management Services,179038,4232,8,23,1,203,KP378355KP,11.910284641002477,25,38724.956622594036,3,0
BG4808BG,Ameritas Investment,70103,1015,36,28,0,110,LQ467570LQ,8.028547907328912,76,45528.53537616087,1,0
BG1331BG,Ameritas Investment,114772,1492,48,51,1,110,LQ367986LQ,11.008093031035688,87,44139.42898129375,2,0
AF8922AF,Prudential Investment Management Services,176108,2449,30,40,0,203,KP556331KP,8.939484763255118,86,49197.40953792454,8,1
DI3702DI,Farmers Financial Solutions,64382,2131,23,54,0,406,NS953284NS,8.414254335475311,85,60932.7090545993,2,0
BG6889BG,Ameritas Investment,134291,3941,42,5,0,110,LQ487881LQ,9.785939280090885,27,36881.59871835831,1,0
CH6054CH,Princor Financial Services Corporation,151195,4521,44,20,1,315,MR408112MR,7.929515355161252,57,51442.50022817391,3,0
DI4868DI,Farmers Financial Solutions,184828,1310,14,40,1,406,NS903940NS,8.892701389305635,31,39365.98354482147,6,1
CH5200CH,Princor Financial Services Corporation,70609,1738,14,56,0,315,MR253077MR,7.6042442148223035,6,42599.530821772285,2,0
EJ1201EJ,Wells Fargo Advisors Financial Network,197550,4241,2,44,1,1,OT154575OT,13.929450265832779,91,55587.40752611842,5,1
DI3497DI,Farmers Financial Solutions,125683,1545,37,1,1,406,NS573958NS,10.070527103943457,40,38100.54946634301,1,0
BG2842BG,Ameritas Investment,174714,3461,5,57,1,110,LQ774331LQ,8.600548984014829,98,57342.44289702979,4,1
DI5658DI,Farmers Financial Solutions,180330,1250,38,30,1,406,NS518815NS,10.427959821468445,12,36478.35553375275,3,0
DI8544DI,Farmers Financial Solutions,121315,1758,45,21,0,406,NS580808NS,9.77534390061834,53,56669.8040343816,1,0
DI8718DI,Farmers Financial Solutions,127834,2804,41,20,0,406,NS691202NS,9.558060800933553,71,34504.68730421488,2,0
DI1770DI,Farmers Financial Solutions,176205,4212,47,6,1,406,NS873422NS,11.22833340008685,10,43821.87320743385,3,0
CH4155CH,Princor Financial Services Corporation,64153,2297,14,22,0,315,MR691343MR,11.51501542009461,45,68964.94383129562,0,0
EJ2628EJ,Wells Fargo Advisors Financial Network,126325,4487,39,18,1,1,OT711985OT,8.938997704778945,17,67085.46369766886,1,0
AF1386AF,Prudential Investment Management Services,194071,2631,25,8,1,203,KP730527KP,8.84836351871064,26,45874.75347482855,2,0
DI7031DI,Farmers Financial Solutions,105318,4810,20,39,0,406,NS335469NS,9.449896605696711,85,53899.605860299016,3,0
BG7439BG,Ameritas Investment,181886,2914,2,32,0,110,LQ223106LQ,5.39615767052883,92,62040.68018884884,4,1
DI7401DI,Farmers Financial Solutions,165033,4110,39,33,0,406,NS891787NS,6.9696178756028955,62,56812.96174420471,2,0
BG5008BG,Ameritas Investment,126077,1813,6,53,1,110,LQ940552LQ,12.733748534889049,46,47265.35753545176,4,1
CH3466CH,Princor Financial Services Corporation,140474,1028,17,16,0,315,MR567835MR,13.289935427002568,64,42513.64685963667,3,0
BG3282BG,Ameritas Investment,183515,1957,25,12,1,110,LQ400486LQ,9.501927920887244,2,58681.03142957929,4,1
AF2856AF,Prudential Investment Management Services,123319,3032,28,38,0,203,KP102257KP,11.153113926111534,54,61307.03308614501,3,0
EJ8980EJ,Wells Fargo Advisors Financial Network,175885,1476,2,52,0,1,OT389508OT,10.622500309087073,65,67157.01834394388,4,1
BG2998BG,Ameritas Investment,159777,1317,35,34,1,110,LQ780332LQ,16.157761616910477,51,33127.505765469294,0,0
BG6476BG,Ameritas Investment,67368,1244,37,14,1,110,LQ211715LQ,12.239149822869154,53,37468.752117989476,4,1
EJ5669EJ,Wells Fargo Advisors Financial Network,196400,1747,5,36,1,1,OT126654OT,9.744164817038467,36,61619.2360214708,5,1
AF5318AF,Prudential Investment Management Services,141751,1696,1,33,1,203,KP836129KP,8.088919118799149,26,34484.69453249823,2,0
DI8064DI,Farmers Financial Solutions,77306,1271,40,23,1,406,NS443567NS,6.787107359484855,29,62385.499549119326,7,1
BG8446BG,Ameritas Investment,87219,4511,12,50,1,110,LQ391464LQ,10.406927271734446,21,47850.67494014608,6,1
EJ2431EJ,Wells Fargo Advisors Financial Network,110279,2771,36,45,1,1,OT645096OT,8.487298509431394,11,44790.861806633155,2,0
CH6624CH,Princor Financial Services Corporation,103028,2262,45,2,1,315,MR676677MR,7.155492580804651,40,52054.28596271469,6,1
EJ8461EJ,Wells Fargo Advisors Financial Network,154263,3424,23,41,0,1,OT588906OT,8.706854231514948,11,36546.31547764501,5,1
CH2819CH,Princor Financial Services Corporation,50126,1265,47,21,1,315,MR218581MR,7.8369039927712105,36,58240.148305983515,4,1
AF2130AF,Prudential Investment Management Services,102329,3973,31,2,1,203,KP227927KP,13.37428327014513,59,66896.36997694697,3,0
DI7563DI,Farmers Financial Solutions,77632,1920,11,27,0,406,NS134773NS,11.763279513898901,39,58705.76215814242,3,0
EJ3658EJ,Wells Fargo Advisors Financial Network,159945,4430,10,57,1,1,OT806528OT,9.984054717366766,99,47534.91307445859,2,0
BG4500BG,Ameritas Investment,105176,1339,3,9,0,110,LQ520963LQ,12.959888277780053,54,34619.64292234559,2,0
AF9566AF,Prudential Investment Management Services,184869,1388,14,1,0,203,KP438540KP,10.154736615295237,98,35004.125437970666,7,1
EJ3120EJ,Wells Fargo Advisors Financial Network,194790,3624,16,11,1,1,OT601590OT,8.277431597343472,55,36703.566977606926,7,1
BG5020BG,Ameritas Investment,84560,4760,10,3,0,110,LQ469836LQ,13.046248154539315,24,49877.21722887683,4,1
EJ4259EJ,Wells Fargo Advisors Financial Network,126589,3050,29,52,1,1,OT314764OT,11.077820087369318,22,51134.00063272605,3,0
CH2823CH,Princor Financial Services Corporation,72116,4500,10,23,0,315,MR681793MR,7.925507691347088,69,58684.435107409954,3,0
EJ2474EJ,Wells Fargo Advisors Financial Network,182717,2165,12,26,0,1,OT972328OT,9.619322643832783,56,32039.710135169244,6,1
EJ3242EJ,Wells Fargo Advisors Financial Network,174085,1375,30,4,0,1,OT642423OT,8.248763493230486,33,63112.102303923995,5,1
EJ4243EJ,Wells Fargo Advisors Financial Network,167718,4741,41,18,1,1,OT715175OT,7.234400538071328,36,56944.06318945371,2,0
